cores,threads,launch_date,lithography,base_frequency,turbo_frequency,cache_size,tdp,price
2,2.0,201308.0,22.0,1700.0,2000.0,1024,7.0,60.0
2,2.0,201308.0,22.0,1700.0,2000.0,1024,6.0,43.0
2,2.0,201308.0,22.0,1700.0,2000.0,1024,7.0,60.0
4,4.0,201308.0,22.0,1700.0,1700.0,2048,13.0,91.0
4,8.0,201508.0,14.0,3400.0,4000.0,8192,65.0,303.0
2,4.0,201502.0,14.0,3100.0,3400.0,4096,28.0,426.0
2,4.0,201502.0,14.0,2200.0,3100.0,4096,15.0,426.0
2,4.0,201502.0,14.0,2400.0,3000.0,4096,15.0,393.0
4,8.0,201505.0,14.0,2700.0,3400.0,6144,47.0,435.0
4,8.0,201305.0,22.0,3400.0,3900.0,8192,84.0,312.0
4,8.0,201305.0,22.0,3500.0,3900.0,8192,84.0,350.0
4,8.0,201305.0,22.0,3100.0,3900.0,8192,65.0,303.0
4,8.0,201305.0,22.0,2800.0,3800.0,8192,47.0,570.0
4,4.0,201305.0,22.0,3000.0,3200.0,6144,84.0,187.0
2,4.0,201305.0,22.0,2700.0,3300.0,4096,35.0,192.0
4,4.0,201305.0,22.0,2300.0,3300.0,6144,45.0,213.0
4,4.0,201305.0,22.0,3400.0,3800.0,6144,84.0,243.0
4,4.0,201305.0,22.0,3200.0,3600.0,6144,84.0,192.0
4,4.0,201305.0,22.0,2900.0,3600.0,6144,65.0,192.0
2,4.0,201305.0,22.0,2900.0,3600.0,4096,35.0,195.0
4,4.0,201305.0,22.0,3400.0,3800.0,6144,84.0,224.0
2,4.0,201308.0,22.0,1600.0,2600.0,3072,15.0,281.0
2,4.0,201311.0,22.0,2600.0,3300.0,3072,37.0,227.0
2,4.0,201308.0,22.0,1900.0,2900.0,3072,15.0,281.0
2,4.0,201308.0,22.0,1600.0,2700.0,3072,25.0,266.0
4,4.0,201308.0,22.0,2800.0,3300.0,6144,65.0,187.0
4,4.0,201308.0,22.0,3100.0,3300.0,6144,84.0,187.0
4,8.0,201305.0,22.0,2700.0,3700.0,6144,47.0,380.0
4,8.0,201305.0,22.0,2400.0,3400.0,6144,47.0,378.0
4,8.0,201305.0,22.0,2300.0,3300.0,8192,45.0,303.0
2,4.0,201405.0,22.0,2900.0,2900.0,3072,37.0,266.0
2,4.0,201405.0,22.0,1800.0,2900.0,3072,25.0,266.0
4,4.0,201405.0,22.0,2000.0,3000.0,6144,35.0,192.0
4,4.0,201405.0,22.0,3300.0,3700.0,6144,84.0,202.0
4,4.0,201405.0,22.0,3000.0,3700.0,6144,65.0,192.0
4,4.0,201405.0,22.0,3200.0,3400.0,6144,84.0,182.0
4,4.0,201405.0,22.0,3200.0,3900.0,6144,65.0,224.0
4,4.0,201405.0,22.0,3500.0,3900.0,6144,88.0,243.0
2,4.0,201308.0,22.0,1700.0,3300.0,4096,15.0,426.0
4,8.0,201308.0,22.0,3500.0,3900.0,8192,84.0,320.0
4,8.0,201308.0,22.0,2400.0,3400.0,6144,47.0,415.0
2,4.0,201408.0,22.0,2600.0,3100.0,3072,28.0,315.0
2,4.0,201408.0,22.0,2800.0,3300.0,3072,28.0,315.0
2,4.0,201502.0,14.0,1800.0,2900.0,3072,15.0,315.0
2,4.0,201502.0,14.0,1600.0,2700.0,3072,15.0,315.0
2,4.0,201502.0,14.0,2700.0,3100.0,3072,28.0,315.0
4,4.0,201505.0,14.0,2800.0,3300.0,4096,65.0,244.0
4,4.0,201505.0,14.0,3100.0,3600.0,4096,65.0,265.0
14,28.0,201708.0,14.0,2000.0,2800.0,19712,105.0,1286.0
14,28.0,201708.0,14.0,2600.0,3700.0,19712,140.0,2111.0
20,40.0,201708.0,14.0,2000.0,3700.0,28160,125.0,2742.0
16,32.0,201708.0,14.0,2100.0,3700.0,22528,125.0,1988.0
12,24.0,201708.0,14.0,2600.0,3700.0,19712,125.0,1865.0
16,32.0,201708.0,14.0,2600.0,3700.0,22528,160.0,3101.0
20,40.0,201708.0,14.0,2000.0,3700.0,28160,135.0,2767.0
4,8.0,201402.0,22.0,2900.0,3900.0,8192,47.0,570.0
4,8.0,201402.0,22.0,2000.0,2000.0,8192,27.0,459.0
4,8.0,201402.0,22.0,2700.0,2700.0,8192,43.0,459.0
4,8.0,201405.0,22.0,3600.0,4000.0,8192,84.0,312.0
4,8.0,201405.0,22.0,3200.0,4000.0,8192,65.0,303.0
4,8.0,201405.0,22.0,4000.0,4400.0,8192,88.0,350.0
2,4.0,201408.0,22.0,3000.0,3500.0,4096,28.0,426.0
4,8.0,201408.0,22.0,2200.0,3400.0,6144,47.0,434.0
4,4.0,201508.0,14.0,3500.0,3900.0,6144,91.0,242.0
4,4.0,201508.0,14.0,3300.0,3900.0,6144,65.0,213.0
4,4.0,201508.0,14.0,2200.0,2800.0,6144,35.0,182.0
4,4.0,201508.0,14.0,2700.0,3300.0,6144,65.0,182.0
4,4.0,201508.0,14.0,3200.0,3600.0,6144,65.0,192.0
2,4.0,201508.0,14.0,2000.0,3100.0,4096,15.0,304.0
4,4.0,201508.0,14.0,2600.0,3500.0,6144,45.0,250.0
2,4.0,201508.0,14.0,2400.0,3000.0,3072,15.0,281.0
2,4.0,201508.0,14.0,2300.0,2800.0,3072,15.0,281.0
2,4.0,201508.0,14.0,3100.0,3500.0,4096,28.0,304.0
4,4.0,201511.0,14.0,2700.0,3400.0,6144,45.0,250.0
4,4.0,201511.0,14.0,1900.0,2700.0,6144,25.0,250.0
4,4.0,201511.0,14.0,2300.0,3300.0,6144,35.0,192.0
16,32.0,201708.0,14.0,2100.0,3700.0,22528,135.0,2049.0
18,36.0,201708.0,14.0,3000.0,3700.0,25344,200.0,3543.0
20,40.0,201708.0,14.0,2400.0,3700.0,28160,160.0,3227.0
12,24.0,201708.0,14.0,3200.0,4200.0,25344,165.0,3286.0
8,16.0,201708.0,14.0,3500.0,4200.0,25344,150.0,2925.0
14,28.0,201708.0,14.0,1900.0,3200.0,19712,85.0,1555.0
12,24.0,201708.0,14.0,2600.0,3700.0,19712,135.0,1931.0
14,28.0,201708.0,14.0,2200.0,3200.0,19712,105.0,1555.0
12,24.0,201708.0,14.0,2300.0,3200.0,16896,105.0,1273.0
4,8.0,201708.0,14.0,3600.0,3700.0,16896,105.0,1221.0
20,40.0,201708.0,14.0,2000.0,3700.0,28160,125.0,2612.0
14,28.0,201708.0,14.0,2200.0,3200.0,19712,105.0,1727.0
12,24.0,201708.0,14.0,3000.0,3700.0,25344,150.0,2460.0
6,12.0,201708.0,14.0,3400.0,3700.0,19712,115.0,1691.0
12,24.0,201708.0,14.0,2600.0,3700.0,19712,125.0,1776.0
18,36.0,201708.0,14.0,2300.0,3700.0,25344,140.0,2445.0
4,8.0,201505.0,14.0,2600.0,3400.0,6144,47.0,378.0
4,8.0,201505.0,14.0,3300.0,3700.0,6144,65.0,366.0
4,8.0,201505.0,14.0,3300.0,3800.0,6144,65.0,348.0
4,8.0,201508.0,14.0,4000.0,4200.0,8192,91.0,339.0
4,4.0,201311.0,22.0,2000.0,2000.0,2048,10.0,29.0
2,2.0,201311.0,22.0,2410.0,2410.0,1024,10.0,18.0
4,4.0,201602.0,14.0,1600.0,1600.0,2048,6.0,107.0
2,2.0,201602.0,14.0,1600.0,1600.0,2048,6.0,107.0
2,2.0,201608.0,14.0,2000.0,2000.0,2048,10.0,24.0
4,4.0,201608.0,14.0,1500.0,1500.0,2048,10.0,31.0
4,4.0,201602.0,14.0,2300.0,3200.0,6144,45.0,306.0
2,4.0,201608.0,14.0,2500.0,3100.0,3072,15.0,281.0
2,4.0,201608.0,14.0,1200.0,3200.0,4096,4.5,281.0
2,4.0,201702.0,14.0,2300.0,3600.0,4096,15.0,304.0
4,4.0,201702.0,14.0,2100.0,2900.0,6144,25.0,250.0
4,4.0,201702.0,14.0,2900.0,3600.0,6144,45.0,250.0
2,4.0,201702.0,14.0,2600.0,3500.0,3072,15.0,281.0
2,4.0,201702.0,14.0,1200.0,3300.0,4096,4.5,281.0
2,4.0,201702.0,14.0,2200.0,3400.0,4096,15.0,304.0
16,32.0,201708.0,14.0,2600.0,3700.0,22528,150.0,2946.0
20,40.0,201708.0,14.0,2400.0,3700.0,28160,150.0,3072.0
18,36.0,201708.0,14.0,2700.0,3700.0,25344,165.0,3358.0
22,44.0,201708.0,14.0,2100.0,3700.0,30976,140.0,3655.0
16,32.0,201708.0,14.0,2100.0,3700.0,22528,125.0,1894.0
8,16.0,201708.0,14.0,3200.0,3700.0,25344,130.0,2214.0
10,20.0,201708.0,14.0,2400.0,3200.0,14080,85.0,1221.0
20,40.0,201805.0,14.0,1800.0,3700.0,28672,120.0,2002.0
20,40.0,201805.0,14.0,2000.0,3700.0,28160,195.0,4937.0
24,48.0,201808.0,14.0,1900.0,3500.0,33792,150.0,3115.0
24,48.0,201905.0,14.0,2400.0,3900.0,36608,165.0,1450.0
20,40.0,201905.0,14.0,2500.0,3900.0,28160,150.0,1095.0
18,36.0,201905.0,14.0,3100.0,4000.0,25344,200.0,3803.0
20,40.0,201905.0,14.0,2300.0,3500.0,28160,125.0,1452.0
2,4.0,201308.0,22.0,1700.0,1700.0,3072,15.0,281.0
2,4.0,201308.0,22.0,2400.0,2400.0,4096,35.0,122.0
2,4.0,201308.0,22.0,3600.0,3600.0,4096,54.0,157.0
2,4.0,201308.0,22.0,3500.0,3500.0,4096,54.0,138.0
2,4.0,201508.0,14.0,2600.0,3400.0,4096,15.0,393.0
4,8.0,201508.0,14.0,2900.0,3800.0,8192,45.0,568.0
4,8.0,201508.0,14.0,2700.0,3600.0,8192,45.0,378.0
4,8.0,201508.0,14.0,2600.0,3500.0,6144,45.0,378.0
4,8.0,201511.0,14.0,2800.0,3500.0,8192,45.0,378.0
4,8.0,201511.0,14.0,2000.0,2800.0,8192,25.0,378.0
4,8.0,201511.0,14.0,2400.0,3400.0,8192,35.0,303.0
4,8.0,201602.0,14.0,2600.0,3500.0,6144,45.0,434.0
2,4.0,201602.0,14.0,2400.0,3400.0,4096,15.0,415.0
4,4.0,202102.0,10.0,1800.0,1800.0,1536,10.0,54.0
4,4.0,202102.0,10.0,2000.0,2000.0,1536,10.0,54.0
4,4.0,201402.0,22.0,1830.0,1830.0,2048,7.5,34.0
2,2.0,201402.0,22.0,1580.0,1580.0,1024,4.3,26.0
4,4.0,201702.0,14.0,3000.0,3500.0,6144,65.0,182.0
4,4.0,201702.0,14.0,3400.0,3800.0,6144,65.0,192.0
4,4.0,201702.0,14.0,2700.0,3300.0,6144,35.0,192.0
4,8.0,201708.0,14.0,1600.0,3400.0,6144,15.0,297.0
4,8.0,201708.0,14.0,1700.0,3600.0,6144,15.0,297.0
6,6.0,201711.0,14.0,3600.0,4300.0,9216,95.0,257.0
6,6.0,201711.0,14.0,2800.0,4000.0,9216,65.0,182.0
4,8.0,201805.0,14.0,2600.0,4200.0,6144,28.0,320.0
4,8.0,201805.0,14.0,2300.0,3800.0,6144,28.0,320.0
6,6.0,201805.0,14.0,3000.0,4100.0,9216,65.0,192.0
6,6.0,201805.0,14.0,2800.0,4000.0,9216,65.0,182.0
4,8.0,201805.0,14.0,2500.0,4200.0,8192,45.0,250.0
4,8.0,201805.0,14.0,2300.0,4000.0,8192,45.0,250.0
18,36.0,201905.0,14.0,2600.0,3900.0,25344,150.0,2726.0
24,48.0,201905.0,14.0,2100.0,3700.0,36608,150.0,3655.0
20,40.0,201905.0,14.0,2500.0,3900.0,28160,150.0,3072.0
4,8.0,201905.0,14.0,3800.0,3900.0,16896,105.0,1221.0
16,32.0,201905.0,14.0,2300.0,3900.0,22528,125.0,1273.0
18,36.0,201905.0,14.0,2600.0,3900.0,25344,150.0,2445.0
8,16.0,201905.0,14.0,3600.0,4400.0,25344,150.0,2925.0
16,32.0,201905.0,14.0,2800.0,3900.0,22528,150.0,2529.0
22,44.0,201905.0,14.0,1900.0,3700.0,30976,125.0,2742.0
20,40.0,201905.0,14.0,2100.0,3900.0,28160,125.0,1894.0
2,4.0,201308.0,22.0,2900.0,2900.0,3072,35.0,117.0
2,4.0,201308.0,22.0,3400.0,3400.0,3072,54.0,117.0
2,4.0,201308.0,22.0,1600.0,1600.0,3072,25.0,225.0
2,4.0,201308.0,22.0,2400.0,2400.0,3072,37.0,225.0
2,4.0,201405.0,22.0,2600.0,2600.0,3072,37.0,225.0
2,4.0,201405.0,22.0,1800.0,1800.0,3072,25.0,225.0
2,4.0,201405.0,22.0,3600.0,3600.0,4096,54.0,147.0
2,4.0,201405.0,22.0,3700.0,3700.0,4096,54.0,138.0
2,4.0,201405.0,22.0,2600.0,2600.0,4096,35.0,138.0
2,4.0,201608.0,14.0,1300.0,3600.0,4096,4.5,393.0
2,4.0,201608.0,14.0,2700.0,3500.0,4096,15.0,393.0
4,8.0,201702.0,14.0,2900.0,3800.0,8192,35.0,303.0
4,8.0,201702.0,14.0,3000.0,3700.0,8192,45.0,378.0
4,8.0,201702.0,14.0,3600.0,4200.0,8192,65.0,303.0
2,4.0,201702.0,14.0,2800.0,3900.0,4096,15.0,393.0
2,4.0,201702.0,14.0,2500.0,4000.0,4096,15.0,415.0
2,4.0,201702.0,14.0,2400.0,3800.0,4096,15.0,415.0
4,8.0,201708.0,14.0,1800.0,4000.0,8192,15.0,409.0
4,8.0,201708.0,14.0,1900.0,4200.0,8192,15.0,409.0
6,12.0,201711.0,14.0,3700.0,4700.0,12288,95.0,359.0
6,12.0,201711.0,14.0,3200.0,4600.0,12288,65.0,303.0
2,2.0,201408.0,22.0,2160.0,2160.0,1024,7.5,107.0
2,2.0,201602.0,14.0,1600.0,1600.0,2048,6.0,20.0
4,4.0,201602.0,14.0,1600.0,1600.0,2048,6.0,31.0
2,2.0,201602.0,14.0,1040.0,1040.0,2048,4.0,20.0
4,4.0,201608.0,14.0,1100.0,1100.0,2048,6.0,107.0
2,2.0,201608.0,14.0,1100.0,1100.0,2048,6.0,24.0
2,2.0,202102.0,10.0,1200.0,1200.0,1536,6.5,54.0
6,6.0,201805.0,14.0,2100.0,3500.0,9216,35.0,192.0
6,6.0,201805.0,14.0,3100.0,4300.0,9216,65.0,213.0
6,6.0,201805.0,14.0,1700.0,3300.0,9216,35.0,182.0
6,6.0,201805.0,14.0,3000.0,4100.0,9216,65.0,192.0
6,6.0,201805.0,14.0,2300.0,3700.0,9216,35.0,213.0
4,8.0,201808.0,14.0,1600.0,3900.0,6144,15.0,297.0
2,4.0,201808.0,14.0,1300.0,3900.0,4096,5.0,291.0
2,4.0,201902.0,14.0,1600.0,3600.0,4096,7.0,281.0
2,4.0,201902.0,14.0,1600.0,3900.0,4096,7.0,281.0
4,8.0,201905.0,14.0,1600.0,4100.0,6144,15.0,297.0
4,8.0,201905.0,14.0,2400.0,4100.0,6144,28.0,320.0
4,8.0,201905.0,14.0,1600.0,4100.0,6144,15.0,297.0
4,8.0,201908.0,14.0,1400.0,3900.0,6144,15.0,320.0
6,6.0,201811.0,14.0,3700.0,4600.0,9216,95.0,262.0
6,6.0,201902.0,14.0,2900.0,4100.0,9216,65.0,157.0
6,6.0,201902.0,14.0,3700.0,4600.0,9216,95.0,237.0
6,6.0,201902.0,14.0,2900.0,4100.0,9216,65.0,182.0
18,36.0,201905.0,14.0,2200.0,3900.0,25344,125.0,1555.0
24,48.0,201905.0,14.0,1900.0,3600.0,33792,135.0,2900.0
20,40.0,201905.0,14.0,2100.0,3900.0,28160,125.0,989.0
18,36.0,201905.0,14.0,1900.0,3900.0,25344,105.0,1727.0
12,24.0,201905.0,14.0,3300.0,4200.0,25344,165.0,3286.0
20,40.0,201905.0,14.0,1800.0,3600.0,28160,115.0,1600.0
18,36.0,201905.0,14.0,2600.0,3900.0,25344,150.0,5448.0
22,44.0,201905.0,14.0,2100.0,3700.0,30976,140.0,5615.0
12,24.0,201905.0,14.0,2700.0,3700.0,19712,125.0,1776.0
8,16.0,201905.0,14.0,3300.0,4000.0,25344,130.0,2214.0
16,32.0,201905.0,14.0,2100.0,3800.0,22528,105.0,1349.0
20,40.0,201905.0,14.0,2100.0,3900.0,28160,125.0,1988.0
24,48.0,201905.0,14.0,2300.0,3600.0,36608,150.0,1788.0
18,36.0,201905.0,14.0,2700.0,3900.0,25344,125.0,2000.0
22,44.0,201905.0,14.0,2100.0,3700.0,30976,140.0,2612.0
16,32.0,201905.0,14.0,2300.0,3900.0,22528,125.0,1273.0
16,32.0,201905.0,14.0,2300.0,3700.0,22528,110.0,1218.0
8,16.0,201905.0,14.0,3000.0,3700.0,11264,115.0,1522.0
10,20.0,201905.0,14.0,2500.0,3400.0,14080,85.0,4224.0
10,20.0,201905.0,14.0,2500.0,3400.0,14080,85.0,1221.0
28,56.0,201708.0,14.0,2100.0,3800.0,39424,173.0,8874.0
24,48.0,201708.0,14.0,2100.0,3700.0,33792,160.0,4856.0
24,48.0,201708.0,14.0,2100.0,3700.0,33792,150.0,4936.0
28,56.0,201708.0,14.0,2100.0,3800.0,39424,165.0,8719.0
26,52.0,201708.0,14.0,2100.0,3700.0,36608,165.0,7405.0
24,48.0,201708.0,14.0,2700.0,3700.0,33792,205.0,5890.0
26,52.0,201708.0,14.0,2000.0,3700.0,36608,150.0,6114.0
24,48.0,201708.0,14.0,2100.0,3700.0,33792,150.0,4702.0
12,24.0,201708.0,14.0,3000.0,3700.0,25344,150.0,7007.0
4,8.0,201708.0,14.0,3600.0,3700.0,16896,105.0,7007.0
28,56.0,201708.0,14.0,2500.0,3800.0,39424,205.0,10009.0
16,32.0,201708.0,14.0,2000.0,2800.0,22528,125.0,3115.0
2,4.0,201405.0,22.0,3500.0,3500.0,3072,54.0,117.0
2,4.0,201405.0,22.0,3100.0,3100.0,4096,35.0,138.0
2,4.0,201408.0,22.0,3800.0,3800.0,4096,54.0,147.0
2,4.0,201408.0,22.0,3600.0,3600.0,3072,54.0,117.0
2,4.0,201502.0,22.0,3700.0,3700.0,3072,54.0,117.0
2,4.0,201502.0,22.0,3200.0,3200.0,3072,35.0,117.0
2,4.0,201502.0,14.0,2100.0,2100.0,3072,15.0,281.0
2,4.0,201502.0,14.0,2000.0,2000.0,3072,15.0,275.0
2,4.0,201508.0,14.0,3800.0,3800.0,4096,51.0,138.0
2,4.0,201508.0,14.0,3900.0,3900.0,4096,51.0,149.0
2,4.0,201508.0,14.0,3200.0,3200.0,3072,35.0,117.0
4,8.0,201805.0,14.0,2700.0,4500.0,8192,28.0,431.0
6,12.0,201805.0,14.0,2200.0,4100.0,9216,45.0,395.0
6,12.0,201805.0,14.0,3200.0,4600.0,12288,65.0,303.0
6,12.0,201805.0,14.0,2600.0,4300.0,9216,45.0,395.0
6,12.0,201805.0,14.0,2400.0,4000.0,12288,35.0,303.0
2,2.0,202102.0,10.0,1200.0,1200.0,1536,6.5,54.0
2,2.0,201002.0,32.0,2260.0,2260.0,2048,73.0,85.0
4,8.0,201905.0,14.0,2400.0,4100.0,8192,45.0,250.0
6,6.0,201905.0,14.0,3000.0,4400.0,9216,65.0,192.0
4,8.0,201905.0,14.0,2500.0,4300.0,8192,45.0,250.0
6,6.0,201905.0,14.0,1800.0,3400.0,9216,35.0,182.0
6,6.0,201905.0,14.0,2200.0,3700.0,9216,35.0,192.0
6,6.0,201905.0,14.0,2300.0,3900.0,9216,35.0,213.0
6,6.0,201905.0,14.0,3000.0,4400.0,9216,65.0,167.0
6,6.0,201905.0,14.0,3100.0,4600.0,9216,65.0,213.0
4,8.0,201905.0,14.0,2400.0,4100.0,8192,45.0,250.0
6,6.0,201905.0,14.0,3000.0,4200.0,9216,65.0,192.0
6,6.0,201905.0,14.0,2200.0,3600.0,9216,35.0,192.0
8,16.0,202002.0,14.0,3900.0,4500.0,36608,185.0,6404.0
24,48.0,202002.0,14.0,2200.0,4000.0,36608,150.0,1555.0
16,32.0,202002.0,14.0,2900.0,3900.0,22528,150.0,989.0
20,40.0,202002.0,14.0,3100.0,4100.0,36608,205.0,2529.0
24,48.0,202002.0,14.0,3000.0,4000.0,36608,205.0,2700.0
28,56.0,202002.0,14.0,2700.0,4000.0,39424,205.0,3950.0
16,32.0,202002.0,14.0,2900.0,3900.0,22528,150.0,1300.0
26,52.0,202002.0,14.0,2100.0,4000.0,36608,150.0,1894.0
28,56.0,202002.0,14.0,2200.0,4000.0,39424,165.0,2612.0
24,48.0,202002.0,14.0,2400.0,4000.0,36608,165.0,2200.0
20,40.0,202002.0,14.0,2100.0,4000.0,28160,125.0,1273.0
12,24.0,202002.0,14.0,3600.0,4500.0,33792,205.0,3900.0
8,16.0,202002.0,14.0,3900.0,4500.0,36608,185.0,3400.0
16,32.0,202002.0,14.0,3400.0,4100.0,36608,205.0,3286.0
16,32.0,202005.0,14.0,2800.0,4300.0,22528,165.0,4779.0
20,40.0,202005.0,14.0,2400.0,4200.0,28160,150.0,1555.0
16,32.0,202005.0,14.0,2800.0,4300.0,22528,165.0,1776.0
18,36.0,202005.0,14.0,2500.0,3800.0,25344,150.0,1273.0
24,48.0,202005.0,14.0,2300.0,4200.0,33792,165.0,2700.0
24,48.0,202008.0,14.0,2000.0,3700.0,33792,150.0,1894.0
24,48.0,201905.0,14.0,2400.0,3900.0,36608,165.0,5320.0
28,56.0,201905.0,14.0,2700.0,4000.0,39424,205.0,10009.0
24,48.0,201905.0,14.0,2400.0,3900.0,36608,165.0,7705.0
28,56.0,201905.0,14.0,2200.0,4000.0,39424,165.0,11722.0
24,48.0,201905.0,14.0,2400.0,3900.0,36608,165.0,4702.0
28,56.0,201905.0,14.0,2700.0,4000.0,39424,205.0,13012.0
28,56.0,201905.0,14.0,2200.0,4000.0,39424,165.0,8719.0
4,8.0,201905.0,14.0,3800.0,3900.0,16896,105.0,7007.0
16,32.0,201905.0,14.0,2200.0,3000.0,22528,125.0,3115.0
24,48.0,201905.0,14.0,2900.0,3900.0,36608,205.0,6302.0
26,52.0,201905.0,14.0,2700.0,4000.0,36608,205.0,7405.0
2,4.0,201508.0,14.0,3300.0,3300.0,4096,35.0,138.0
2,4.0,201508.0,14.0,2300.0,2300.0,3072,15.0,281.0
2,4.0,201511.0,14.0,2700.0,2700.0,4096,35.0,117.0
2,4.0,201511.0,14.0,2700.0,2700.0,3072,35.0,225.0
2,4.0,201611.0,14.0,2000.0,2000.0,3072,15.0,281.0
2,4.0,201608.0,14.0,2400.0,2400.0,3072,15.0,281.0
2,4.0,201702.0,14.0,2100.0,2100.0,3072,25.0,225.0
2,4.0,201702.0,14.0,3400.0,3400.0,3072,35.0,117.0
2,4.0,201702.0,14.0,3900.0,3900.0,3072,54.0,117.0
2,4.0,201702.0,14.0,2900.0,2900.0,3072,35.0,225.0
4,4.0,201308.0,22.0,1700.0,2400.0,2048,9.0,70.0
4,4.0,201308.0,22.0,2400.0,2400.0,2048,15.0,104.0
4,4.0,201308.0,22.0,2400.0,2600.0,2048,14.0,86.0
4,4.0,201308.0,22.0,2400.0,2400.0,2048,15.0,104.0
8,8.0,201308.0,22.0,2000.0,2000.0,4096,18.0,182.0
8,8.0,201308.0,22.0,1700.0,2400.0,4096,12.0,150.0
8,8.0,201308.0,22.0,2400.0,2400.0,4096,20.0,208.0
8,8.0,201308.0,22.0,2400.0,2400.0,4096,20.0,208.0
8,8.0,201308.0,22.0,2400.0,2600.0,4096,20.0,171.0
4,4.0,201405.0,22.0,1250.0,1250.0,2048,9.5,98.0
2,2.0,201405.0,22.0,1250.0,1250.0,1024,6.0,60.0
2,2.0,201702.0,14.0,1500.0,2200.0,4096,8.5,36.0
2,4.0,201702.0,14.0,1500.0,1500.0,2048,6.0,161.0
2,4.0,201702.0,14.0,2300.0,2300.0,2048,15.0,161.0
2,4.0,201705.0,14.0,1600.0,1600.0,2048,6.0,161.0
2,4.0,201805.0,14.0,3800.0,3800.0,4096,54.0,75.0
2,4.0,201805.0,14.0,3200.0,3200.0,4096,35.0,75.0
2,4.0,201805.0,14.0,3100.0,3100.0,4096,35.0,64.0
2,4.0,201805.0,14.0,3700.0,3700.0,4096,58.0,64.0
2,4.0,201805.0,14.0,3900.0,3900.0,4096,54.0,75.0
2,4.0,201902.0,14.0,2300.0,2300.0,2048,15.0,161.0
4,8.0,201808.0,14.0,1800.0,4600.0,8192,15.0,409.0
2,4.0,201902.0,14.0,1500.0,4200.0,4096,5.0,393.0
4,8.0,201905.0,14.0,2800.0,4700.0,8192,28.0,431.0
4,8.0,201905.0,14.0,1700.0,4400.0,8192,15.0,409.0
4,8.0,201908.0,14.0,1700.0,4500.0,8192,15.0,431.0
8,8.0,201811.0,14.0,3600.0,4900.0,12288,95.0,374.0
8,8.0,201902.0,14.0,3600.0,4900.0,12288,95.0,349.0
8,8.0,201905.0,14.0,3000.0,4700.0,12288,65.0,323.0
8,8.0,201905.0,14.0,3000.0,4700.0,12288,65.0,298.0
8,8.0,201905.0,14.0,2000.0,4300.0,12288,35.0,323.0
6,12.0,201905.0,14.0,2600.0,4600.0,12288,45.0,395.0
6,12.0,201905.0,14.0,2600.0,4500.0,12288,45.0,395.0
6,12.0,201905.0,14.0,2600.0,4500.0,12288,45.0,395.0
8,8.0,201905.0,14.0,2600.0,4400.0,12288,65.0,323.0
6,12.0,201905.0,14.0,2700.0,4400.0,9216,45.0,395.0
8,8.0,201905.0,14.0,1800.0,3800.0,12288,35.0,323.0
6,12.0,201905.0,14.0,1900.0,4100.0,9216,25.0,395.0
2,2.0,201302.0,22.0,2600.0,2600.0,2048,55.0,42.0
2,2.0,201302.0,22.0,2700.0,2700.0,2048,55.0,40.0
2,2.0,201302.0,22.0,2300.0,2300.0,2048,35.0,42.0
2,2.0,201308.0,22.0,2800.0,2800.0,2048,55.0,52.0
2,2.0,201402.0,22.0,2800.0,2800.0,2048,53.0,52.0
2,2.0,201402.0,22.0,2700.0,2700.0,2048,53.0,42.0
2,2.0,201402.0,22.0,2200.0,2200.0,2048,35.0,42.0
2,2.0,201405.0,22.0,2500.0,2500.0,2048,35.0,42.0
2,2.0,201405.0,22.0,2800.0,2800.0,2048,53.0,42.0
2,2.0,201405.0,22.0,2900.0,2900.0,2048,53.0,52.0
2,2.0,201511.0,14.0,2800.0,2800.0,2048,51.0,42.0
2,2.0,201511.0,14.0,2900.0,2900.0,2048,51.0,52.0
2,2.0,201511.0,14.0,2300.0,2300.0,2048,35.0,42.0
2,2.0,201602.0,14.0,2400.0,2400.0,2048,35.0,107.0
4,8.0,201908.0,10.0,1000.0,3600.0,6144,15.0,297.0
4,8.0,201908.0,10.0,1200.0,3700.0,6144,15.0,320.0
4,8.0,201908.0,10.0,1100.0,3700.0,6144,15.0,309.0
4,8.0,201908.0,14.0,1000.0,4000.0,6144,7.0,292.0
4,8.0,201908.0,14.0,1100.0,4100.0,6144,7.0,292.0
4,8.0,201908.0,14.0,1600.0,4200.0,6144,15.0,297.0
4,8.0,202005.0,14.0,2600.0,4600.0,8192,45.0,250.0
4,8.0,202005.0,14.0,2500.0,4500.0,8192,45.0,250.0
6,12.0,202005.0,14.0,3100.0,4200.0,12288,65.0,195.0
6,12.0,202005.0,14.0,2300.0,3700.0,12288,35.0,195.0
8,16.0,202105.0,10.0,3600.0,3700.0,18432,165.0,2214.0
26,52.0,202105.0,10.0,2200.0,3400.0,39936,185.0,1555.0
20,40.0,202105.0,10.0,2300.0,3500.0,30720,150.0,1727.0
24,48.0,202105.0,10.0,2400.0,3600.0,36864,185.0,1450.0
24,48.0,202105.0,10.0,2100.0,3400.0,36864,150.0,1375.0
24,48.0,202105.0,10.0,2400.0,3600.0,36864,185.0,1977.0
24,48.0,202105.0,10.0,2100.0,3400.0,36864,165.0,1667.0
24,48.0,202105.0,10.0,2100.0,3400.0,36864,165.0,2742.0
24,48.0,202105.0,10.0,2800.0,3500.0,36864,230.0,2529.0
16,32.0,202105.0,10.0,2900.0,3500.0,24576,185.0,1300.0
12,24.0,202105.0,10.0,3000.0,3600.0,18432,150.0,950.0
24,48.0,202105.0,10.0,2100.0,3400.0,36864,165.0,1273.0
32,64.0,202105.0,10.0,2200.0,3500.0,49152,185.0,2795.0
32,64.0,202105.0,10.0,2300.0,3400.0,49152,205.0,2600.0
18,36.0,202105.0,10.0,3000.0,3600.0,39936,205.0,2445.0
28,56.0,202105.0,10.0,2000.0,3100.0,43008,205.0,1894.0
16,32.0,202105.0,10.0,3100.0,3600.0,36864,205.0,2300.0
28,56.0,202105.0,10.0,2600.0,3500.0,43008,235.0,3072.0
28,56.0,202105.0,10.0,2200.0,3400.0,43008,165.0,2029.0
32,64.0,202105.0,10.0,2000.0,3200.0,49152,205.0,2612.0
28,56.0,202005.0,14.0,2900.0,4300.0,39424,250.0,10009.0
18,36.0,202005.0,14.0,2500.0,3800.0,25344,150.0,3003.0
18,36.0,202005.0,14.0,3100.0,4300.0,25344,205.0,3500.0
28,56.0,202005.0,14.0,2600.0,4300.0,39424,205.0,8719.0
28,56.0,202005.0,14.0,2900.0,4300.0,39424,250.0,13012.0
28,56.0,202005.0,14.0,2600.0,4300.0,39424,205.0,11722.0
8,16.0,202008.0,14.0,3900.0,4400.0,36608,190.0,3400.0
24,48.0,202008.0,14.0,3000.0,4200.0,33792,225.0,4200.0
24,48.0,202008.0,14.0,3000.0,4200.0,33792,225.0,7203.0
32,64.0,202105.0,10.0,2600.0,3400.0,49152,250.0,3950.0
32,64.0,202105.0,10.0,2200.0,3400.0,49152,205.0,3450.0
36,72.0,202105.0,10.0,2400.0,3500.0,55296,225.0,3027.0
38,76.0,202105.0,10.0,2600.0,3700.0,58368,270.0,6743.0
32,64.0,202105.0,10.0,2200.0,3400.0,49152,205.0,4046.0
32,64.0,202105.0,10.0,2600.0,3400.0,49152,240.0,3950.0
36,72.0,202105.0,10.0,2100.0,3500.0,55296,195.0,3450.0
38,76.0,202105.0,10.0,2400.0,3400.0,58368,270.0,6302.0
36,72.0,202105.0,10.0,2400.0,3500.0,55296,250.0,4702.0
32,64.0,202105.0,10.0,2300.0,3500.0,49152,185.0,3864.0
2,4.0,201805.0,14.0,2300.0,2300.0,3072,15.0,281.0
4,4.0,201711.0,14.0,3600.0,3600.0,6144,65.0,117.0
4,4.0,201711.0,14.0,4000.0,4000.0,8192,91.0,168.0
2,4.0,201802.0,14.0,2200.0,3400.0,4096,15.0,281.0
4,4.0,201805.0,14.0,3700.0,3700.0,8192,62.0,138.0
4,4.0,201805.0,14.0,3200.0,3200.0,8192,35.0,138.0
4,4.0,201805.0,14.0,3100.0,3100.0,6144,35.0,117.0
2,4.0,201805.0,14.0,3000.0,3600.0,4096,28.0,304.0
4,4.0,201808.0,14.0,3000.0,3000.0,6144,45.0,225.0
2,4.0,201808.0,14.0,2100.0,3900.0,4096,15.0,281.0
4,4.0,201808.0,14.0,3600.0,3600.0,6144,65.0,133.0
2,4.0,201905.0,14.0,2200.0,3900.0,4096,15.0,281.0
2,2.0,201708.0,22.0,1500.0,1500.0,1024,7.0,39.0
4,4.0,201708.0,22.0,1400.0,1400.0,2048,10.0,64.0
16,16.0,201708.0,14.0,1700.0,2200.0,16384,24.0,389.0
12,12.0,201708.0,14.0,2000.0,2000.0,12288,25.0,369.0
8,8.0,201708.0,14.0,2200.0,2400.0,16384,21.0,171.0
4,4.0,201708.0,14.0,2200.0,2200.0,8192,16.0,86.0
2,2.0,201708.0,14.0,1600.0,2100.0,4096,9.5,41.0
8,8.0,201708.0,14.0,1700.0,1700.0,16384,17.0,209.0
16,16.0,201708.0,14.0,2100.0,2400.0,16384,32.0,434.0
12,12.0,201708.0,14.0,2100.0,2400.0,12288,25.0,323.0
4,4.0,201708.0,14.0,1600.0,1600.0,8192,11.5,86.0
4,4.0,201708.0,14.0,2100.0,2100.0,8192,15.0,75.0
16,16.0,201708.0,14.0,2000.0,2000.0,16384,31.0,449.0
8,8.0,201708.0,14.0,2200.0,2200.0,16384,25.0,193.0
12,12.0,201708.0,14.0,2000.0,2000.0,12288,25.0,332.0
2,2.0,201808.0,14.0,1500.0,1500.0,4096,11.0,36.0
4,4.0,202005.0,14.0,1300.0,1300.0,8192,10.75,64.0
4,4.0,202005.0,14.0,2400.0,2400.0,8192,17.0,96.0
8,8.0,202005.0,14.0,2400.0,2400.0,16384,26.0,209.0
6,12.0,201111.0,32.0,3300.0,3900.0,15360,130.0,1059.0
6,12.0,201111.0,32.0,3200.0,3800.0,12288,130.0,594.0
4,8.0,201202.0,32.0,3600.0,3800.0,10240,130.0,305.0
6,12.0,201211.0,32.0,3500.0,4000.0,15360,150.0,1059.0
4,8.0,201308.0,22.0,3700.0,3900.0,10240,130.0,332.0
6,12.0,201308.0,22.0,3400.0,3900.0,12288,130.0,594.0
6,12.0,201308.0,22.0,3600.0,4000.0,15360,130.0,1059.0
6,12.0,201408.0,22.0,3300.0,3600.0,15360,140.0,389.0
6,12.0,201408.0,22.0,3500.0,3700.0,15360,140.0,583.0
8,16.0,201408.0,22.0,3000.0,3500.0,20480,140.0,999.0
6,12.0,201605.0,14.0,3600.0,3800.0,15360,140.0,617.0
6,12.0,201605.0,14.0,3400.0,3600.0,15360,140.0,434.0
8,16.0,201605.0,14.0,3200.0,3700.0,20480,140.0,1089.0
2,4.0,201902.0,14.0,2300.0,2300.0,2048,15.0,161.0
2,4.0,201902.0,14.0,1700.0,1700.0,2048,6.0,161.0
2,4.0,201905.0,14.0,3300.0,3300.0,4096,35.0,75.0
2,4.0,201905.0,14.0,3800.0,3800.0,4096,54.0,64.0
2,4.0,201905.0,14.0,4000.0,4000.0,4096,54.0,86.0
2,4.0,201905.0,14.0,3200.0,3200.0,4096,35.0,64.0
2,4.0,201911.0,14.0,2400.0,2400.0,2048,15.0,161.0
2,4.0,202005.0,14.0,3500.0,3500.0,4096,35.0,75.0
2,4.0,202005.0,14.0,4200.0,4200.0,4096,58.0,86.0
2,4.0,202005.0,14.0,4100.0,4100.0,4096,58.0,75.0
2,4.0,202005.0,14.0,4000.0,4000.0,4096,58.0,64.0
2,4.0,202005.0,14.0,3400.0,3400.0,4096,35.0,64.0
2,4.0,202005.0,14.0,3200.0,3200.0,4096,35.0,66.0
2,4.0,202005.0,14.0,3800.0,3800.0,4096,58.0,66.0
2,4.0,202102.0,14.0,4300.0,4300.0,4096,58.0,86.0
2,4.0,202102.0,14.0,3500.0,3500.0,4096,35.0,64.0
2,4.0,202102.0,14.0,4100.0,4100.0,4096,58.0,64.0
2,4.0,202102.0,14.0,4200.0,4200.0,4096,58.0,75.0
6,12.0,201805.0,14.0,2900.0,4800.0,12288,45.0,583.0
8,16.0,201811.0,14.0,3600.0,5000.0,16384,95.0,488.0
8,16.0,201902.0,14.0,3600.0,5000.0,16384,95.0,463.0
8,16.0,201905.0,14.0,2100.0,4400.0,16384,35.0,439.0
8,16.0,201905.0,14.0,3100.0,5000.0,16384,65.0,439.0
8,16.0,201905.0,14.0,2300.0,4800.0,16384,45.0,556.0
8,16.0,201905.0,14.0,2400.0,5000.0,16384,45.0,583.0
8,16.0,201911.0,14.0,4000.0,5000.0,16384,127.0,524.0
4,8.0,201908.0,10.0,1300.0,3900.0,8192,15.0,426.0
6,12.0,201908.0,14.0,1100.0,4700.0,12288,15.0,443.0
4,8.0,201908.0,14.0,1200.0,4500.0,8192,7.0,403.0
4,8.0,201908.0,14.0,1800.0,4900.0,8192,15.0,409.0
8,16.0,202005.0,14.0,2300.0,5100.0,16384,45.0,450.0
6,12.0,202005.0,14.0,2600.0,5000.0,12288,45.0,395.0
6,12.0,202005.0,14.0,2700.0,5100.0,12288,45.0,395.0
8,16.0,202005.0,14.0,2000.0,4400.0,16384,35.0,330.0
8,16.0,202005.0,14.0,2000.0,4500.0,16384,35.0,323.0
8,16.0,202005.0,14.0,2900.0,4800.0,16384,65.0,323.0
8,16.0,202005.0,14.0,2900.0,4800.0,16384,65.0,298.0
8,16.0,202005.0,14.0,2900.0,4500.0,16384,65.0,330.0
8,16.0,202005.0,14.0,3800.0,5100.0,16384,125.0,349.0
8,16.0,202005.0,14.0,3800.0,5100.0,16384,125.0,374.0
4,8.0,202005.0,10.0,2300.0,4100.0,8192,28.0,426.0
6,12.0,202005.0,14.0,1100.0,4900.0,12288,15.0,443.0
4,8.0,202005.0,14.0,1800.0,4900.0,8192,15.0,409.0
8,16.0,202008.0,14.0,2200.0,5000.0,16384,45.0,417.0
2,2.0,201602.0,14.0,1600.0,1600.0,2048,25.0,107.0
2,2.0,201805.0,14.0,3100.0,3100.0,2048,54.0,42.0
2,2.0,201805.0,14.0,3200.0,3200.0,2048,54.0,52.0
2,2.0,201805.0,14.0,2900.0,2900.0,2048,35.0,42.0
2,2.0,201905.0,14.0,3200.0,3200.0,2048,54.0,42.0
2,2.0,201905.0,14.0,3000.0,3000.0,2048,35.0,42.0
2,2.0,201905.0,14.0,3300.0,3300.0,2048,54.0,52.0
2,2.0,201905.0,14.0,1900.0,1900.0,2048,25.0,107.0
2,2.0,201905.0,14.0,2400.0,2400.0,2048,35.0,107.0
2,2.0,202005.0,14.0,3400.0,3400.0,2048,58.0,42.0
2,2.0,202005.0,14.0,3200.0,3200.0,2048,35.0,42.0
2,2.0,202005.0,14.0,3500.0,3500.0,2048,58.0,52.0
2,2.0,202005.0,14.0,3000.0,3000.0,2048,35.0,44.0
2,2.0,202005.0,14.0,3200.0,3200.0,2048,58.0,44.0
2,2.0,202008.0,14.0,3300.0,3300.0,4096,35.0,42.0
2,2.0,202008.0,14.0,3600.0,3600.0,4096,58.0,52.0
6,12.0,202005.0,14.0,4100.0,4800.0,12288,125.0,237.0
6,12.0,202005.0,14.0,4100.0,4800.0,12288,125.0,262.0
6,12.0,202005.0,14.0,2900.0,4300.0,12288,65.0,157.0
6,12.0,202005.0,14.0,3100.0,4500.0,12288,65.0,192.0
6,12.0,202005.0,14.0,2000.0,3600.0,12288,35.0,182.0
6,12.0,202005.0,14.0,2300.0,3800.0,12288,35.0,192.0
6,12.0,202005.0,14.0,3300.0,4800.0,12288,65.0,213.0
6,12.0,202005.0,14.0,2900.0,4300.0,12288,65.0,182.0
6,12.0,202005.0,14.0,2400.0,4000.0,12288,35.0,213.0
4,8.0,202005.0,10.0,2000.0,3800.0,6144,28.0,320.0
4,8.0,202005.0,14.0,1700.0,4400.0,6144,15.0,297.0
4,8.0,202008.0,14.0,2400.0,4100.0,8192,45.0,250.0
6,12.0,202011.0,14.0,2500.0,4500.0,12288,45.0,250.0
6,12.0,202102.0,14.0,3200.0,4600.0,12288,65.0,192.0
4,8.0,202008.0,10.0,1500.0,4100.0,8192,15.0,362.0
4,8.0,202008.0,10.0,1500.0,4100.0,8192,15.0,312.0
8,16.0,202105.0,10.0,3200.0,3600.0,12288,140.0,895.0
32,64.0,202105.0,10.0,2800.0,3600.0,49152,265.0,5448.0
4,4.0,201902.0,14.0,4000.0,4600.0,8192,91.0,148.0
4,4.0,201905.0,14.0,3700.0,4300.0,8192,62.0,143.0
4,4.0,201905.0,14.0,3200.0,3800.0,8192,35.0,143.0
4,4.0,201905.0,14.0,3100.0,3700.0,6144,35.0,122.0
4,4.0,201905.0,14.0,4000.0,4600.0,8192,91.0,173.0
4,4.0,201905.0,14.0,3600.0,4200.0,6144,65.0,97.0
4,4.0,201905.0,14.0,3700.0,4400.0,8192,62.0,154.0
4,4.0,201905.0,14.0,3600.0,4200.0,6144,65.0,122.0
4,4.0,201905.0,14.0,3100.0,3700.0,6144,65.0,122.0
4,4.0,201905.0,14.0,1600.0,2900.0,6144,25.0,225.0
4,4.0,201905.0,14.0,2200.0,3200.0,6144,35.0,122.0
2,4.0,201908.0,10.0,1200.0,3400.0,4096,15.0,281.0
2,4.0,201908.0,14.0,1000.0,4000.0,4096,7.0,287.0
2,4.0,201908.0,14.0,2100.0,4100.0,4096,15.0,281.0
4,8.0,202005.0,14.0,3800.0,4600.0,8192,65.0,154.0
2,2.0,202005.0,14.0,1800.0,2200.0,4096,10.5,37.0
10,20.0,201605.0,14.0,3000.0,3500.0,25600,140.0,1723.0
4,8.0,201705.0,14.0,4300.0,4500.0,8192,112.0,339.0
6,12.0,201705.0,14.0,3500.0,4000.0,8448,140.0,383.0
4,4.0,201705.0,14.0,4000.0,4200.0,6144,112.0,242.0
12,24.0,201811.0,14.0,3500.0,4400.0,19712,165.0,1189.0
18,36.0,201811.0,14.0,3000.0,4400.0,25344,165.0,1979.0
14,28.0,201811.0,14.0,3300.0,4400.0,19712,165.0,1387.0
10,20.0,201811.0,14.0,3500.0,4400.0,19712,165.0,989.0
16,32.0,201811.0,14.0,3100.0,4400.0,22528,165.0,1684.0
8,16.0,201811.0,14.0,3800.0,4400.0,16896,165.0,589.0
10,20.0,201811.0,14.0,3300.0,4100.0,16896,165.0,889.0
12,24.0,201911.0,14.0,3500.0,4600.0,19712,165.0,689.0
14,28.0,201911.0,14.0,3300.0,4600.0,19712,165.0,784.0
18,36.0,201911.0,14.0,3000.0,4600.0,25344,165.0,979.0
2,4.0,202102.0,14.0,3600.0,3600.0,4096,35.0,75.0
8,16.0,202005.0,14.0,2400.0,5300.0,16384,45.0,583.0
10,20.0,202005.0,14.0,1900.0,4600.0,20480,35.0,439.0
10,20.0,202005.0,14.0,2800.0,5200.0,20480,65.0,439.0
10,20.0,202005.0,14.0,2800.0,5200.0,20480,65.0,422.0
10,20.0,202005.0,14.0,3700.0,5300.0,20480,125.0,463.0
10,20.0,202005.0,14.0,2800.0,4700.0,20480,65.0,444.0
10,20.0,202005.0,14.0,1800.0,4500.0,20480,35.0,444.0
10,20.0,202005.0,14.0,3700.0,5300.0,20480,125.0,488.0
8,16.0,202005.0,14.0,2400.0,5300.0,16384,45.0,556.0
10,20.0,202008.0,14.0,3600.0,5200.0,20480,125.0,453.0
8,16.0,202102.0,14.0,2500.0,5200.0,16384,65.0,439.0
8,16.0,202102.0,14.0,2500.0,5200.0,16384,65.0,422.0
8,16.0,202102.0,14.0,1500.0,4900.0,16384,35.0,439.0
8,16.0,202102.0,14.0,3500.0,5300.0,16384,125.0,513.0
8,16.0,202102.0,14.0,3500.0,5300.0,16384,125.0,539.0
4,8.0,202008.0,10.0,1800.0,4400.0,12288,15.0,431.0
4,8.0,202008.0,10.0,1800.0,4400.0,12288,15.0,490.0
8,16.0,202102.0,14.0,2500.0,4900.0,16384,65.0,298.0
8,16.0,202102.0,14.0,2500.0,4900.0,16384,65.0,323.0
8,16.0,202102.0,14.0,1400.0,4600.0,16384,35.0,323.0
8,16.0,202102.0,14.0,3600.0,5000.0,16384,125.0,374.0
8,16.0,202102.0,14.0,3600.0,5000.0,16384,125.0,399.0
2,2.0,202008.0,14.0,3500.0,3500.0,4096,58.0,42.0
6,12.0,202102.0,14.0,1700.0,4100.0,12288,35.0,213.0
6,12.0,202102.0,14.0,3900.0,4900.0,12288,125.0,237.0
6,12.0,202102.0,14.0,3900.0,4900.0,12288,125.0,262.0
6,12.0,202102.0,14.0,2800.0,4800.0,12288,65.0,213.0
6,12.0,202102.0,14.0,1300.0,3700.0,12288,35.0,182.0
6,12.0,202102.0,14.0,1500.0,3900.0,12288,35.0,192.0
6,12.0,202102.0,14.0,2600.0,4400.0,12288,65.0,157.0
6,12.0,202102.0,14.0,2600.0,4400.0,12288,65.0,182.0
6,12.0,202102.0,14.0,2700.0,4600.0,12288,65.0,192.0
4,8.0,202005.0,14.0,3700.0,4400.0,8192,65.0,143.0
4,8.0,202005.0,14.0,3000.0,3900.0,8192,35.0,143.0
4,8.0,202005.0,14.0,3600.0,4300.0,6144,65.0,122.0
4,8.0,202005.0,14.0,3000.0,3800.0,6144,35.0,122.0
4,8.0,202005.0,14.0,2300.0,3600.0,6144,35.0,125.0
4,8.0,202005.0,14.0,3200.0,3800.0,6144,65.0,125.0
4,8.0,202011.0,14.0,3600.0,4300.0,6144,65.0,97.0
4,8.0,202102.0,14.0,3700.0,4400.0,6144,65.0,97.0
4,8.0,202102.0,14.0,3000.0,4000.0,8192,35.0,143.0
4,8.0,202102.0,14.0,3700.0,4400.0,6144,65.0,122.0
4,8.0,202102.0,14.0,3800.0,4500.0,8192,65.0,143.0
4,8.0,202102.0,14.0,3000.0,3900.0,6144,35.0,122.0
4,8.0,202102.0,14.0,3900.0,4700.0,8192,65.0,154.0
10,20.0,201911.0,14.0,3700.0,4500.0,19712,165.0,590.0
8,16.0,202105.0,10.0,3300.0,4900.0,24576,65.0,539.0
2,4.0,202008.0,10.0,2200.0,3900.0,6144,15.0,285.0
2,4.0,202008.0,10.0,2200.0,3900.0,6144,15.0,338.0
10,20.0,202105.0,10.0,2300.0,3400.0,15360,105.0,555.0
12,24.0,202002.0,14.0,2400.0,3500.0,16896,100.0,694.0
10,20.0,202002.0,14.0,2300.0,3200.0,14080,95.0,555.0
8,16.0,202002.0,14.0,3200.0,4000.0,11264,130.0,794.0
16,32.0,202105.0,10.0,2400.0,3400.0,24576,135.0,694.0
20,40.0,202105.0,10.0,2300.0,3400.0,30720,150.0,1002.0
8,16.0,202105.0,10.0,2800.0,3600.0,12288,105.0,501.0
12,24.0,202105.0,10.0,2100.0,3300.0,18432,120.0,501.0
8,16.0,201708.0,14.0,1800.0,3000.0,11264,85.0,417.0
8,16.0,201708.0,14.0,2100.0,3000.0,11264,85.0,501.0
8,16.0,201708.0,14.0,2000.0,3000.0,11264,70.0,501.0
10,20.0,201708.0,14.0,2200.0,3000.0,14080,85.0,694.0
4,8.0,201708.0,14.0,2600.0,3000.0,8448,85.0,473.0
10,20.0,201708.0,14.0,2200.0,3000.0,14080,85.0,773.0
12,24.0,201708.0,14.0,2100.0,3000.0,16896,85.0,1112.0
12,24.0,201708.0,14.0,2100.0,3000.0,16896,85.0,1002.0
8,16.0,201905.0,14.0,2200.0,3200.0,11264,70.0,501.0
10,20.0,201905.0,14.0,2200.0,3200.0,14080,85.0,501.0
12,24.0,201905.0,14.0,2200.0,3200.0,16896,85.0,694.0
8,8.0,202002.0,14.0,1900.0,1900.0,11264,85.0,306.0
6,6.0,201708.0,14.0,1700.0,1700.0,8448,85.0,213.0
8,8.0,201708.0,14.0,1700.0,1700.0,11264,85.0,306.0
6,6.0,201905.0,14.0,1900.0,1900.0,8448,85.0,213.0
6,12.0,202108.0,14.0,3500.0,5100.0,12288,95.0,450.0
8,16.0,201905.0,14.0,2100.0,3200.0,11264,85.0,417.0
16,32.0,201905.0,14.0,2100.0,3200.0,22528,100.0,900.0
12,24.0,201905.0,14.0,2200.0,3200.0,16896,85.0,768.0
8,16.0,201905.0,14.0,2500.0,3500.0,11264,85.0,562.0
10,20.0,202002.0,14.0,2400.0,3200.0,14080,100.0,501.0
8,16.0,201905.0,14.0,3700.0,5000.0,16384,95.0,539.0
8,16.0,201905.0,14.0,3400.0,5000.0,16384,80.0,494.0
6,6.0,201905.0,14.0,3400.0,4600.0,12288,80.0,255.0
8,16.0,201905.0,14.0,2000.0,3900.0,16384,35.0,494.0
6,12.0,201905.0,14.0,2000.0,4200.0,12288,25.0,450.0
4,8.0,201905.0,14.0,1700.0,3500.0,8192,25.0,322.0
6,12.0,201905.0,14.0,2800.0,4500.0,12288,45.0,450.0
4,8.0,201905.0,14.0,2600.0,3800.0,8192,45.0,322.0
6,12.0,201808.0,14.0,3700.0,4700.0,12288,80.0,362.0
6,12.0,201805.0,14.0,2700.0,4400.0,12288,45.0,450.0
6,12.0,201805.0,14.0,2900.0,4800.0,12288,45.0,623.0
4,4.0,201808.0,14.0,3200.0,3200.0,8192,65.0,193.0
6,12.0,201808.0,14.0,3500.0,4500.0,12288,80.0,311.0
4,8.0,201808.0,14.0,3800.0,4700.0,8192,71.0,328.0
6,6.0,201808.0,14.0,3300.0,4500.0,12288,80.0,255.0
4,8.0,201808.0,14.0,3600.0,4500.0,8192,71.0,272.0
4,8.0,201808.0,14.0,3500.0,4500.0,8192,71.0,250.0
6,12.0,201808.0,14.0,3300.0,4500.0,12288,80.0,284.0
4,4.0,201808.0,14.0,3300.0,4300.0,8192,71.0,193.0
4,4.0,201808.0,14.0,3400.0,4500.0,8192,71.0,213.0
6,12.0,201808.0,14.0,3800.0,4700.0,12288,95.0,450.0
6,12.0,201905.0,14.0,4000.0,4900.0,12288,95.0,450.0
6,12.0,201905.0,14.0,3800.0,4900.0,12288,80.0,362.0
4,4.0,201905.0,14.0,3400.0,4600.0,8192,71.0,193.0
4,4.0,201905.0,14.0,3500.0,4700.0,8192,71.0,213.0
6,12.0,202105.0,14.0,4000.0,5100.0,12288,125.0,311.0
10,20.0,202005.0,14.0,1900.0,4700.0,20480,35.0,494.0
6,12.0,202005.0,14.0,2800.0,5100.0,12288,45.0,450.0
8,16.0,202005.0,14.0,2400.0,5300.0,16384,45.0,623.0
6,12.0,202005.0,14.0,3500.0,4700.0,12288,80.0,260.0
6,12.0,202005.0,14.0,2400.0,3800.0,12288,35.0,260.0
28,56.0,201905.0,14.0,2500.0,4400.0,39424,205.0,4449.0
24,48.0,201905.0,14.0,2700.0,4400.0,33792,205.0,6353.0
12,24.0,201905.0,14.0,3300.0,4400.0,19712,180.0,1398.0
8,16.0,201905.0,14.0,3700.0,4300.0,16896,160.0,1199.0
24,48.0,201905.0,14.0,2700.0,4400.0,33792,205.0,3349.0
8,16.0,201905.0,14.0,3500.0,4000.0,16896,160.0,749.0
16,32.0,201905.0,14.0,3200.0,4400.0,22528,205.0,5002.0
14,28.0,201911.0,14.0,3300.0,4600.0,19712,165.0,1112.0
18,36.0,201911.0,14.0,3000.0,4600.0,25344,165.0,1333.0
12,24.0,201911.0,14.0,3500.0,4600.0,19712,165.0,944.0
10,20.0,201911.0,14.0,3700.0,4500.0,19712,165.0,778.0
4,8.0,201911.0,14.0,3600.0,3900.0,8448,120.0,294.0
6,12.0,201911.0,14.0,3800.0,4600.0,8448,130.0,555.0
4,4.0,201708.0,14.0,2900.0,2900.0,8448,120.0,202.0
4,4.0,201708.0,14.0,3200.0,3200.0,8448,120.0,255.0
6,12.0,201708.0,14.0,3600.0,3900.0,8448,140.0,617.0
10,20.0,201708.0,14.0,3300.0,4500.0,14080,140.0,1440.0
8,16.0,201708.0,14.0,3700.0,4500.0,11264,140.0,1113.0
4,8.0,201708.0,14.0,4000.0,4500.0,8448,120.0,444.0
6,12.0,201708.0,14.0,3700.0,4500.0,8448,140.0,835.0
18,36.0,201708.0,14.0,2300.0,4300.0,25344,140.0,2553.0
14,28.0,201708.0,14.0,2500.0,4300.0,19456,140.0,1947.0
4,8.0,201708.0,14.0,3600.0,3900.0,8448,120.0,294.0
28,56.0,201811.0,14.0,3100.0,3800.0,39424,255.0,2999.0
28,56.0,201905.0,14.0,2500.0,4400.0,39424,205.0,7453.0
8,16.0,201911.0,14.0,3900.0,4500.0,16896,155.0,667.0
4,8.0,201911.0,14.0,4100.0,4600.0,8448,105.0,444.0
6,12.0,202005.0,14.0,3300.0,4700.0,12288,80.0,255.0
10,20.0,202005.0,14.0,3700.0,5300.0,20480,125.0,539.0
10,20.0,202005.0,14.0,3200.0,5200.0,20480,80.0,494.0
8,16.0,202005.0,14.0,3400.0,5000.0,16384,80.0,362.0
6,12.0,202005.0,14.0,4100.0,4800.0,12288,125.0,311.0
10,20.0,202005.0,14.0,3500.0,4800.0,20480,95.0,500.0
8,16.0,202005.0,14.0,3400.0,4800.0,16384,80.0,367.0
8,16.0,202005.0,14.0,2000.0,4400.0,16384,35.0,367.0
10,20.0,202005.0,14.0,1800.0,4500.0,20480,35.0,500.0
8,16.0,202005.0,14.0,3800.0,5100.0,16384,125.0,428.0
8,16.0,202105.0,14.0,1500.0,4900.0,16384,35.0,494.0
8,16.0,202105.0,14.0,3500.0,5300.0,16384,125.0,539.0
8,16.0,202105.0,14.0,3600.0,5200.0,16384,125.0,428.0
8,16.0,202105.0,14.0,2900.0,5100.0,16384,80.0,362.0
6,12.0,202105.0,14.0,3300.0,5000.0,12288,80.0,255.0
8,16.0,202105.0,14.0,2800.0,5200.0,16384,80.0,494.0
12,24.0,202108.0,10.0,3500.0,3900.0,21504,220.0,949.0
24,48.0,202108.0,10.0,3000.0,4000.0,36864,250.0,2499.0
16,32.0,202108.0,10.0,3400.0,4000.0,24576,250.0,1299.0
32,64.0,202108.0,10.0,2700.0,4000.0,49152,270.0,3499.0
38,76.0,202108.0,10.0,2500.0,4000.0,58368,270.0,4499.0
8,16.0,202108.0,10.0,1500.0,4500.0,24576,25.0,467.0
4,8.0,202108.0,10.0,1800.0,3100.0,8192,25.0,242.0
6,12.0,202108.0,10.0,1900.0,4400.0,12288,25.0,317.0
6,6.0,201905.0,14.0,3400.0,4700.0,12288,80.0,255.0
4,8.0,201905.0,14.0,3600.0,4800.0,8192,71.0,250.0
6,12.0,201905.0,14.0,3400.0,4800.0,12288,80.0,284.0
4,8.0,201905.0,14.0,3800.0,4800.0,8192,71.0,272.0
4,8.0,201905.0,14.0,4000.0,4900.0,8192,83.0,328.0
6,12.0,201905.0,14.0,2800.0,4700.0,12288,45.0,450.0
8,16.0,201905.0,14.0,2400.0,5000.0,16384,45.0,623.0
6,12.0,201905.0,14.0,3600.0,4800.0,12288,80.0,311.0
8,16.0,201905.0,14.0,3300.0,4700.0,16384,80.0,494.0
6,12.0,202108.0,14.0,2900.0,4800.0,12288,65.0,284.0
4,4.0,202108.0,14.0,3100.0,4600.0,8192,65.0,209.0
6,12.0,202108.0,14.0,3200.0,5000.0,12288,80.0,311.0
4,8.0,202108.0,14.0,3400.0,4800.0,8192,65.0,250.0
4,4.0,202108.0,14.0,2800.0,4500.0,8192,65.0,182.0
4,8.0,202108.0,14.0,3700.0,5000.0,8192,80.0,334.0
8,16.0,202108.0,14.0,2600.0,4800.0,16384,65.0,362.0
8,16.0,202108.0,14.0,2800.0,5100.0,16384,80.0,494.0
8,16.0,202108.0,14.0,3200.0,5100.0,16384,95.0,539.0
8,16.0,201905.0,14.0,2300.0,3000.0,12288,45.0,705.0
12,24.0,201802.0,14.0,2000.0,3000.0,17408,85.0,1005.0
16,32.0,201802.0,14.0,2000.0,3000.0,22528,110.0,1989.0
16,32.0,201802.0,14.0,2200.0,3000.0,22528,100.0,1764.0
4,8.0,201802.0,14.0,2200.0,3000.0,8192,60.0,213.0
18,36.0,201802.0,14.0,1600.0,3000.0,25344,86.0,2406.0
8,16.0,201802.0,14.0,2200.0,3000.0,11264,65.0,566.0
6,12.0,201905.0,14.0,2900.0,3200.0,9216,55.0,406.0
6,12.0,201905.0,14.0,2500.0,3200.0,9216,45.0,470.0
8,16.0,201905.0,14.0,1500.0,2500.0,12288,30.0,401.0
8,16.0,201905.0,14.0,2800.0,3200.0,12288,65.0,748.0
4,8.0,201905.0,14.0,1500.0,2500.0,6144,22.0,138.0
2,4.0,201905.0,14.0,2500.0,3200.0,3072,27.0,106.0
4,8.0,201905.0,14.0,2600.0,3200.0,6144,40.0,170.0
4,8.0,201905.0,14.0,2400.0,3200.0,6144,35.0,256.0
4,8.0,201905.0,14.0,2900.0,3200.0,6144,45.0,202.0
8,16.0,201605.0,14.0,1600.0,2200.0,12288,35.0,486.0
8,16.0,201708.0,14.0,2300.0,2700.0,12288,65.0,855.0
8,16.0,201502.0,14.0,2000.0,2600.0,12288,45.0,581.0
4,8.0,201502.0,14.0,2200.0,2600.0,6144,45.0,199.0
4,8.0,201511.0,14.0,2200.0,2700.0,6144,35.0,213.0
8,16.0,201511.0,14.0,1700.0,2300.0,12288,35.0,470.0
6,12.0,201511.0,14.0,1900.0,2500.0,9216,35.0,320.0
8,16.0,201511.0,14.0,2100.0,2700.0,12288,45.0,581.0
4,8.0,201511.0,14.0,2200.0,2200.0,6144,35.0,193.0
4,8.0,201511.0,14.0,2400.0,2700.0,6144,45.0,199.0
8,16.0,201511.0,14.0,2000.0,2600.0,12288,45.0,555.0
6,12.0,201511.0,14.0,2200.0,2700.0,9216,45.0,348.0
16,32.0,201602.0,14.0,1300.0,2100.0,24576,45.0,1176.0
16,32.0,201602.0,14.0,1300.0,2100.0,24576,45.0,1222.0
16,32.0,201602.0,14.0,1700.0,2300.0,24576,65.0,1443.0
12,24.0,201602.0,14.0,2100.0,2700.0,18432,65.0,1069.0
12,24.0,201602.0,14.0,1500.0,2100.0,18432,45.0,694.0
4,8.0,201605.0,14.0,1300.0,1300.0,6144,20.0,266.0
12,24.0,201605.0,14.0,1500.0,2100.0,18432,45.0,727.0
6,12.0,201708.0,14.0,2100.0,2700.0,9216,45.0,470.0
8,16.0,201708.0,14.0,1900.0,2500.0,12288,45.0,652.0
4,8.0,201708.0,14.0,2000.0,2600.0,6144,45.0,256.0
4,8.0,201708.0,14.0,1600.0,2200.0,6144,35.0,192.0
8,16.0,201802.0,14.0,2200.0,3000.0,11264,65.0,555.0
8,16.0,201802.0,14.0,1900.0,3000.0,11264,65.0,438.0
8,16.0,201802.0,14.0,1900.0,3000.0,11264,65.0,502.0
8,16.0,201802.0,14.0,2300.0,3000.0,11264,80.0,641.0
12,24.0,201802.0,14.0,2200.0,3000.0,16896,90.0,962.0
14,28.0,201802.0,14.0,1900.0,3000.0,19456,105.0,1443.0
12,24.0,201802.0,14.0,2100.0,3000.0,17408,75.0,930.0
14,28.0,201802.0,14.0,1700.0,3000.0,19456,70.0,1229.0
